Topology Size,Routing Protocol,Packet Delivery Ratio (%),Average End-to-End Delay (s),Throuput (packets/second),
30, AODV, 100, 0.00355257, 0.2
30, AODV, 100, 0.0589778, 0.2
30, AODV, 100, 0.059683, 0.2
60, AODV, 81.329, 0.242436, 62.2167
50, DSDV, 100, 0.00346705, 0.2
50, DSDV, 100, 0.0035651, 0.2
50, DSDV, 100, 0.00460155, 0.2
100, DSDV, 100, 0.00362663, 0.2
100, DSDV, 100, 0.00438051, 0.2
100, DSDV, 100, 0.0209497, 0.2
30, DSDV, 100, 0.00321364, 27.7333
30, DSDV, 100, 0.00386556, 55.3556
30, DSDV, 100, 0.00426377, 82.9778
30, DSDV, 100, 0.00291079, 27.7333
30, DSDV, 100, 0.00437526, 27.7111
30, DSDV, 100, 0.00456974, 27.5556
30, DSDV, 100, 0.0031628, 27.6444
30, DSDV, 100, 0.00378123, 27.7333
30, DSDV, 100, 0.00441866, 27.5778
10, DSDV, 100, 0.00461043, 26.8
10, DSDV, 100, 0.00498505, 26.6667
10, DSDV, 100, 0.00602707, 26.9333
60, DSDV, 100, 0.00450599, 27.9444
60, DSDV, 100, 0.0033224, 27.8667
60, DSDV, 100, 0.004065, 27.9111
80, DSDV, 100, 0.00461483, 27.9167
80, DSDV, 100, 0.0053558, 28.0667
80, DSDV, 100, 0.00456304, 27.925
10, DSDV, 100, 0.00455042, 27
10, DSDV, 100, 0.00646356, 26.8667
10, DSDV, 100, 0.00571543, 27.1333
10, DSDV, 100, 0.00396839, 26.6667
10, DSDV, 100, 0.00503524, 26.7333
10, DSDV, 100, 0.00573242, 27.2
40, DSDV, 100, 0.0049466, 27.7
40, DSDV, 100, 0.00380769, 27.7
40, DSDV, 100, 0.00538308, 27.6167
70, DSDV, 100, 0.00447942, 28.0667
70, DSDV, 100, 0.00436887, 27.8667
70, DSDV, 100, 0.00432981, 28.0952
10, AODV, 100, 0.335724, 26.8
10, AODV, 100, 0.00628745, 27.0667
10, AODV, 100, 0.00575093, 27.2
40, AODV, 93.8776, 0.0971692, 27.6833
40, AODV, 100, 0.169924, 27.7167
40, AODV, 100, 0.0459981, 27.75
70, AODV, 73.0491, 0.282923, 26.9952
70, AODV, 80.2801, 0.303644, 27.5952
70, AODV, 80.9261, 0.335799, 26.6
90, DSDV, 100, 0.0048418, 28.0593
90, DSDV, 100, 0.00489138, 28.037
90, DSDV, 100, 0.00395534, 28.163
110, DSDV, 100, 0.0351242, 28.2364
40, AODV, 100, 0.00387255, 27.7333
